entry_time_utc,entry_time_ist,session_ist,atr14_pct,volatility_regime,side,entry,stop,target,exit_time_utc,exit_price,exit_reason,gross_pnl_usd,fees_usd,net_pnl_usd,initial_risk_usd,r_multiple
2026-07-01T02:15:00+00:00,2026-07-01T07:45:00+05:30,06-12,0.0068108695239120455,high,buy,1580.4889099999998,1574.45,1583.7,2026-07-01T02:30:00+00:00,1581.32445,target,0.008355400000002646,0.0474272004,-0.03907180039999736,0.13129450852499636,-0.2975889916413276
2026-07-02T00:00:00+00:00,2026-07-02T05:30:00+05:30,00-06,0.00443372095293718,high,buy,1611.1895799999998,1608.25,1616.48,2026-07-02T00:15:00+00:00,1605.8376250000001,stop,-0.05351954999999634,0.048255408075,-0.10177495807499634,0.10177495807499634,-1.0
2026-07-03T00:15:00+00:00,2026-07-03T05:45:00+05:30,00-06,0.0026265229674795124,medium_low,sell,1698.80949,1702.3500000000001,1696.49,2026-07-03T00:30:00+00:00,1704.9035250000002,stop,-0.06094035000000076,0.051055695225,-0.11199604522500076,0.11199604522500077,-0.9999999999999999
2026-07-04T00:45:00+00:00,2026-07-04T06:15:00+05:30,06-12,0.002874254318897178,medium_high,buy,1759.9782199999997,1756.45,1763.55,2026-07-04T01:15:00+00:00,1753.815325,stop,-0.06162894999999708,0.052706903175,-0.11433585317499709,0.11433585317499709,-1.0
2026-07-05T00:45:00+00:00,2026-07-05T06:15:00+05:30,06-12,0.0026309777213585246,medium_low,buy,1777.5958199999998,1772.0,1776.7,2026-07-05T01:00:00+00:00,1769.342,stop,-0.08253819999999677,0.0532040673,-0.13574226729999678,0.13574226729999678,-1.0
2026-07-06T00:15:00+00:00,2026-07-06T05:45:00+05:30,00-06,0.005272555286268422,high,buy,1788.3966099999998,1780.15,1789.54,2026-07-06T00:30:00+00:00,1777.4797750000002,stop,-0.10916834999999538,0.053488145774999996,-0.16265649577499536,0.16265649577499536,-1.0
2026-07-07T00:15:00+00:00,2026-07-07T05:45:00+05:30,00-06,0.004443725784972147,high,sell,1796.08212,1801.6000000000001,1797.55,2026-07-07T00:30:00+00:00,1804.3024000000003,stop,-0.0822028000000023,0.05400576780000001,-0.1362085678000023,0.13620856780000232,-0.9999999999999998
2026-07-08T01:15:00+00:00,2026-07-08T06:45:00+05:30,06-12,0.003569522204161912,medium_high,buy,1781.5297499999997,1775.9,1783.35,2026-07-08T01:30:00+00:00,1773.2361500000002,stop,-0.08293599999999515,0.0533214885,-0.13625748849999514,0.13625748849999514,-1.0
2026-07-09T00:15:00+00:00,2026-07-09T05:45:00+05:30,00-06,0.002256014399150203,medium_low,buy,1744.7029599999998,1740.0500000000002,1744.81,2026-07-09T00:30:00+00:00,1737.4399250000004,stop,-0.0726303499999949,0.052232143275000004,-0.1248624932749949,0.1248624932749949,-1.0
2026-07-10T00:00:00+00:00,2026-07-10T05:30:00+05:30,00-06,0.002029695189634657,medium_low,sell,1743.4148400000001,1747.7,1744.25,2026-07-10T00:15:00+00:00,1746.866375,target,-0.034515349999999216,0.052354218225,-0.08686956822499922,0.12147314584999977,-0.7151339303607851
2026-07-11T00:30:00+00:00,2026-07-11T06:00:00+05:30,06-12,0.0017080096053139976,low,buy,1795.44365,1790.2,1797.2,2026-07-11T00:45:00+00:00,1787.5147000000002,stop,-0.07928949999999758,0.053744375250000004,-0.1330338752499976,0.1330338752499976,-1.0
2026-07-12T00:45:00+00:00,2026-07-12T06:15:00+05:30,06-12,0.004112644974033611,high,buy,1788.4366499999999,1779.4,1790.4,2026-07-12T01:00:00+00:00,1787.7144000000003,target,-0.007222499999995762,0.05364226575000001,-0.06086476574999577,0.1705350132499963,-0.35690480558834503
2026-07-13T00:00:00+00:00,2026-07-13T05:30:00+05:30,00-06,0.003008871248300069,medium_high,buy,1808.6067999999998,1804.25,1808.94,2026-07-13T00:15:00+00:00,1806.2265900000002,target,-0.02380209999999579,0.05422250085,-0.0780246008499958,0.12478400637499773,-0.6252772540057597
2026-07-14T00:45:00+00:00,2026-07-14T06:15:00+05:30,06-12,0.0035578802853369453,medium_high,sell,1777.57065,1783.65,1776.31,2026-07-14T01:00:00+00:00,1786.325475,stop,-0.0875482500000021,0.053458441875,-0.1410066918750021,0.1410066918750021,-1.0
2026-07-15T00:45:00+00:00,2026-07-15T06:15:00+05:30,06-12,0.0034064641867090286,medium_high,buy,1881.2894099999999,1878.0500000000002,1888.11,2026-07-15T01:15:00+00:00,1875.2329250000003,stop,-0.06056484999999612,0.056347835025,-0.11691268502499612,0.11691268502499612,-1.0
2026-07-16T00:00:00+00:00,2026-07-16T05:30:00+05:30,00-06,0.0024055830084424427,medium_low,buy,1919.7778599999997,1914.8000000000002,1923.51,2026-07-16T00:15:00+00:00,1920.624735,target,0.008468750000004093,0.05760603892499999,-0.0491372889249959,0.13597618489999302,-0.36136687436211795
2026-07-17T02:15:00+00:00,2026-07-17T07:45:00+05:30,06-12,0.004106268281331404,high,buy,1855.8139599999997,1844.25,1855.98,2026-07-17T02:45:00+00:00,1841.483625,stop,-0.1433033499999965,0.055459463774999995,-0.1987628137749965,0.1987628137749965,-1.0
2026-07-18T00:30:00+00:00,2026-07-18T06:00:00+05:30,06-12,0.0017096779944946346,low,sell,1841.02713,1845.0500000000002,1839.86,2026-07-18T01:15:00+00:00,1842.61979,target,-0.015926600000000235,0.05525470380000001,-0.07118130380000025,0.12323712057500319,-0.5775962913437164
2026-07-19T00:00:00+00:00,2026-07-19T05:30:00+05:30,00-06,0.0019277864317888793,low,buy,1864.4726099999998,1861.0500000000002,1863.18,2026-07-19T00:15:00+00:00,1860.38523,target,-0.04087379999999712,0.0558728676,-0.09674666759999712,0.11798281552499587,-0.8200064320341663
2026-07-20T00:00:00+00:00,2026-07-20T05:30:00+05:30,00-06,0.0030849384347619207,medium_high,sell,1870.35777,1875.0,1867.84,2026-07-20T00:15:00+00:00,1877.8125,stop,-0.07454729999999928,0.05622255405,-0.13076985404999927,0.13076985404999927,-1.0
2026-07-21T01:00:00+00:00,2026-07-21T06:30:00+05:30,06-12,0.0023799576233250754,medium_low,sell,1912.8852,1917.8500000000001,1907.1,2026-07-21T01:15:00+00:00,1920.7267750000003,stop,-0.07841575000000375,0.057504179625,-0.13591992962500377,0.13591992962500377,-1.0
2026-07-22T00:30:00+00:00,2026-07-22T06:00:00+05:30,06-12,0.0024041953947120994,medium_low,sell,1935.15291,1944.75,1929.02,2026-07-22T01:30:00+00:00,1931.91353,target,0.03239379999999983,0.0580059966,-0.02561219660000017,0.18338445052500152,-0.139663949297099
2026-07-23T01:15:00+00:00,2026-07-23T06:45:00+05:30,06-12,0.003120482782472985,medium_high,buy,1935.0130799999997,1931.15,1937.63,2026-07-23T01:30:00+00:00,1928.2532750000003,stop,-0.06759804999999461,0.057948995325,-0.1255470453249946,0.1255470453249946,-1.0
2026-07-24T01:30:00+00:00,2026-07-24T07:00:00+05:30,06-12,0.0030286184039947524,medium_high,sell,1871.44668,1877.5500000000002,1870.32,2026-07-24T01:45:00+00:00,1880.3663250000002,stop,-0.08919645000000173,0.056277195075,-0.14547364507500174,0.14547364507500174,-1.0
2026-07-25T00:00:00+00:00,2026-07-25T05:30:00+05:30,00-06,0.0012697542916083194,low,sell,1859.5785600000002,1861.9,1859.39,2026-07-25T00:15:00+00:00,1864.6928500000001,stop,-0.051142899999999825,0.05586407115000001,-0.10700697114999982,0.10700697114999984,-0.9999999999999999
2026-07-26T00:45:00+00:00,2026-07-26T06:15:00+05:30,06-12,0.0013231459593245737,low,buy,1878.8970199999999,1876.5,1881.08,2026-07-26T01:00:00+00:00,1878.25838,target,-0.006386399999998958,0.056357331,-0.06274373099999896,0.10840643404999888,-0.5787823531863476
2026-07-27T01:15:00+00:00,2026-07-27T06:45:00+05:30,06-12,0.0042678928005317005,high,sell,1941.13692,1948.0500000000002,1939.67,2026-07-27T01:45:00+00:00,1942.5795050000002,target,-0.014425850000002356,0.058255746375,-0.07268159637500235,0.15673318492500443,-0.46372819138320903
2026-07-28T00:00:00+00:00,2026-07-28T05:30:00+05:30,00-06,0.004561543089333943,high,buy,1894.4225299999998,1885.3500000000001,1896.19,2026-07-28T00:15:00+00:00,1882.5219750000003,stop,-0.11900554999999485,0.05665416757500001,-0.17565971757499488,0.17565971757499488,-1.0
2026-07-29T00:15:00+00:00,2026-07-29T05:45:00+05:30,00-06,0.002780205147410696,medium_high,sell,1920.59748,1928.6000000000001,1916.62,2026-07-29T00:45:00+00:00,1919.49493,target,0.011025499999998373,0.05760138615,-0.04657588615000163,0.16673555570000287,-0.2793398561840211
2026-07-30T00:00:00+00:00,2026-07-30T05:30:00+05:30,00-06,0.003679241333110026,high,sell,1908.80928,1913.25,1905.95,2026-07-30T00:15:00+00:00,1916.119875,stop,-0.07310595000000149,0.057373937325,-0.1304798873250015,0.1304798873250015,-1.0
2026-07-31T00:15:00+00:00,2026-07-31T05:45:00+05:30,00-06,0.0030644300606634403,medium_high,buy,1921.4094899999998,1917.0,1926.58,2026-07-31T00:30:00+00:00,1914.1245000000001,stop,-0.07284989999999653,0.05753300985,-0.1303829098499965,0.1303829098499965,-1.0
2026-08-01T01:30:00+00:00,2026-08-01T07:00:00+05:30,06-12,0.0014443931596846678,low,sell,1864.4636699999999,1867.5,1864.69,2026-08-01T02:00:00+00:00,1870.3012500000002,stop,-0.05837580000000344,0.05602147380000001,-0.11439727380000345,0.11439727380000345,-1.0
2026-08-02T00:30:00+00:00,2026-08-02T06:00:00+05:30,06-12,0.0017716344944241997,low,buy,1847.1953499999997,1844.8500000000001,1849.7,2026-08-02T00:45:00+00:00,1842.0827250000002,stop,-0.05112624999999525,0.055339171125,-0.10646542112499525,0.10646542112499525,-1.0
2026-08-03T00:45:00+00:00,2026-08-03T06:15:00+05:30,06-12,0.003737441852491053,high,buy,1876.7248499999996,1871.6000000000001,1880.55,2026-08-03T01:15:00+00:00,1868.7926000000002,stop,-0.07932249999999386,0.05618276175,-0.13550526174999386,0.13550526174999386,-1.0
2026-08-04T00:15:00+00:00,2026-08-04T05:45:00+05:30,00-06,0.002486035257757137,medium_low,sell,1857.67047,1863.2,1857.73,2026-08-04T00:30:00+00:00,1860.516595,target,-0.028461250000000292,0.055772805975000006,-0.0842340559750003,0.13909827905000147,-0.6055722367688015
2026-08-05T00:30:00+00:00,2026-08-05T06:00:00+05:30,06-12,0.0020777413261755698,medium_low,buy,1869.9680999999996,1865.95,1870.32,2026-08-05T00:45:00+00:00,1863.1510750000002,stop,-0.06817024999999376,0.055996787624999995,-0.12416703762499376,0.12416703762499376,-1.0
2026-08-06T00:30:00+00:00,2026-08-06T06:00:00+05:30,06-12,0.0024428902477938263,medium_low,sell,1909.7583300000001,1914.1000000000001,1907.29,2026-08-06T01:30:00+00:00,1910.1509350000001,target,-0.0039260500000000325,0.057298638974999996,-0.06122468897500003,0.12952914220000195,-0.4726711528782062
2026-08-07T00:15:00+00:00,2026-08-07T05:45:00+05:30,00-06,0.0016369360704517424,low,sell,1899.2988,1905.5500000000002,1899.52,2026-08-07T01:15:00+00:00,1908.4083250000003,stop,-0.09109525000000304,0.057115606875,-0.14821085687500304,0.14821085687500304,-1.0
2026-08-08T00:15:00+00:00,2026-08-08T05:45:00+05:30,00-06,0.0011727279375659265,low,buy,1916.2543399999997,1912.65,1916.41,2026-08-08T00:30:00+00:00,1909.7810250000002,stop,-0.06473314999999502,0.05739053047499999,-0.12212368047499501,0.12212368047499503,-0.9999999999999999
2026-08-09T00:15:00+00:00,2026-08-09T05:45:00+05:30,00-06,0.0009490795901346363,low,buy,1920.3183999999999,1916.25,1918.62,2026-08-09T01:00:00+00:00,1915.74207,target,-0.04576329999999871,0.05754090704999999,-0.10330420704999871,0.12693316037499755,-0.8138472779280684
2026-08-10T00:00:00+00:00,2026-08-10T05:30:00+05:30,00-06,0.002700277766354765,medium_high,buy,1912.56065,1907.5,1914.4,2026-08-10T00:15:00+00:00,1911.5284000000001,target,-0.01032249999999749,0.057361335750000006,-0.06768383574999749,0.13647699099999824,-0.4959358735422176
2026-08-11T00:00:00+00:00,2026-08-11T05:30:00+05:30,00-06,0.0015931824907032739,low,sell,1871.28684,1874.0,1870.12,2026-08-11T00:15:00+00:00,1876.8110000000001,stop,-0.05524160000000165,0.056221467600000005,-0.11146306760000166,0.11146306760000166,-1.0
2026-08-12T00:45:00+00:00,2026-08-12T06:15:00+05:30,06-12,0.001618959553721388,low,sell,1879.83828,1883.8000000000002,1880.65,2026-08-12T01:15:00+00:00,1886.6257000000003,stop,-0.06787420000000338,0.0564969597,-0.12437115970000338,0.12437115970000338,-1.0
2026-08-13T00:30:00+00:00,2026-08-13T06:00:00+05:30,06-12,0.002498410033711836,medium_low,sell,1880.4576599999998,1885.6000000000001,1878.9,2026-08-13T00:45:00+00:00,1881.71835,target,-0.012606900000002952,0.05643264015,-0.06903954015000295,0.13624069090000432,-0.5067468440884189
2026-08-14T00:00:00+00:00,2026-08-14T05:30:00+05:30,00-06,0.0011455686375496917,low,buy,1888.03615,1884.5,1887.36,2026-08-14T00:15:00+00:00,1884.52896,target,-0.035071899999998095,0.05658847665,-0.0916603766499981,0.12017464099999854,-0.7627264445083652
2026-08-15T00:15:00+00:00,2026-08-15T05:45:00+05:30,00-06,0.0012223602748469985,low,sell,1880.30781,1883.0500000000002,1880.38,2026-08-15T00:30:00+00:00,1885.8745750000003,stop,-0.055667650000002594,0.056492735775000004,-0.11216038577500259,0.11216038577500259,-1.0
2026-08-16T00:30:00+00:00,2026-08-16T06:00:00+05:30,06-12,0.000575528978282389,low,buy,1884.6227399999998,1882.2,1883.33,2026-08-16T01:00:00+00:00,1879.3767000000003,stop,-0.05246039999999539,0.05645999160000001,-0.10892039159999539,0.10892039159999539,-1.0
2026-08-17T00:00:00+00:00,2026-08-17T05:30:00+05:30,00-06,0.002290587876941842,medium_low,sell,1874.124,1877.25,1873.54,2026-08-17T00:30:00+00:00,1876.35031,target,-0.022263100000000122,0.05625711465000001,-0.07852021465000013,0.11573159812499981,-0.6784682482755636
2026-08-18T00:00:00+00:00,2026-08-18T05:30:00+05:30,00-06,0.001641259555661722,low,buy,1915.5135999999998,1912.3500000000001,1918.71,2026-08-18T00:15:00+00:00,1909.4814750000003,stop,-0.06032124999999496,0.057374926125,-0.11769617612499497,0.11769617612499497,-1.0
2026-08-19T00:30:00+00:00,2026-08-19T06:00:00+05:30,06-12,0.0014531850058440393,low,sell,1914.56352,1919.2,1912.14,2026-08-19T02:15:00+00:00,1915.0082100000002,target,-0.004446900000002643,0.05744357595,-0.06189047595000264,0.13270243480000304,-0.46638538353330367
2026-08-20T00:45:00+00:00,2026-08-20T06:15:00+05:30,06-12,0.008351026452787656,high,sell,2266.57116,2274.3,2257.67,2026-08-20T01:00:00+00:00,2261.056505,target,0.05514654999999948,0.067914414975,-0.012767864975000522,0.17956713915000277,-0.07110357181964562
2026-08-21T00:00:00+00:00,2026-08-21T05:30:00+05:30,00-06,0.004079755693546149,high,buy,2329.14682,2323.5,2334.85,2026-08-21T00:15:00+00:00,2331.347725,target,0.02200905000000148,0.06990741817500001,-0.04789836817499853,0.1610581235499966,-0.29739802699321555
2026-08-22T00:00:00+00:00,2026-08-22T05:30:00+05:30,00-06,0.009250259735098607,high,buy,2518.8163,2509.9500000000003,2531.03,2026-08-22T00:15:00+00:00,2506.1850750000003,stop,-0.12631224999999632,0.07537502062500001,-0.20168727062499633,0.20168727062499636,-0.9999999999999999
2026-08-23T00:15:00+00:00,2026-08-23T05:45:00+05:30,00-06,0.004194287319302831,high,buy,2423.40098,2419.9,2427.9,2026-08-23T00:30:00+00:00,2416.2701500000003,stop,-0.07130829999999605,0.07259506695000001,-0.14390336694999606,0.14390336694999606,-1.0
2026-08-24T00:15:00+00:00,2026-08-24T05:45:00+05:30,00-06,0.00568142535859679,high,buy,2461.3488899999998,2452.75,2466.29,2026-08-24T00:30:00+00:00,2449.0708750000003,stop,-0.12278014999999413,0.073656296475,-0.19643644647499414,0.19643644647499411,-1.0000000000000002
2026-08-25T00:00:00+00:00,2026-08-25T05:30:00+05:30,00-06,0.0029618149454108396,medium_high,buy,2484.79231,2476.9,2487.24,2026-08-25T00:30:00+00:00,2473.18465,stop,-0.11607659999999669,0.0743696544,-0.19044625439999668,0.19044625439999668,-1.0
2026-08-26T00:45:00+00:00,2026-08-26T06:15:00+05:30,06-12,0.003301300851272603,medium_high,sell,2437.93962,2446.2000000000003,2436.74,2026-08-26T01:00:00+00:00,2449.8693000000003,stop,-0.1192968000000019,0.07331713380000002,-0.1926139338000019,0.1926139338000019,-1.0
2026-08-27T00:00:00+00:00,2026-08-27T05:30:00+05:30,00-06,0.004246198595124321,high,sell,2504.27322,2512.75,2497.96,2026-08-27T00:45:00+00:00,2501.70694,target,0.025662800000000062,0.0750897024,-0.04942690239999994,0.19777093517500216,-0.24991995085760912
2026-08-28T00:00:00+00:00,2026-08-28T05:30:00+05:30,00-06,0.0021508734918852155,medium_low,buy,2513.4509399999997,2509.6000000000004,2514.5,2026-08-28T00:15:00+00:00,2505.8356000000003,stop,-0.07615339999999378,0.07528929810000001,-0.15144269809999378,0.15144269809999378,-1.0
2026-08-29T00:15:00+00:00,2026-08-29T05:45:00+05:30,00-06,0.0021707682741426986,medium_low,sell,2439.74781,2445.4500000000003,2437.28,2026-08-29T00:30:00+00:00,2449.1181750000005,stop,-0.09370365000000674,0.07333298977500001,-0.16703663977500677,0.16703663977500677,-1.0
2026-08-30T01:45:00+00:00,2026-08-30T07:15:00+05:30,06-12,0.0016491189092958437,low,sell,2453.83371,2458.3,2453.08,2026-08-30T02:00:00+00:00,2461.9874500000005,stop,-0.08153740000000653,0.07373731740000002,-0.15527471740000653,0.15527471740000653,-1.0
2026-08-31T00:00:00+00:00,2026-08-31T05:30:00+05:30,00-06,0.007301325912510599,high,buy,2419.29688,2387.2000000000003,2435.72,2026-08-31T00:45:00+00:00,2432.06642,target,0.12769540000000235,0.0727704495,0.054924950500002345,0.42882054119999335,0.12808376750400685
2026-09-01T00:45:00+00:00,2026-09-01T06:15:00+05:30,06-12,0.0021009253202098383,medium_low,buy,2474.5120399999996,2470.8500000000004,2477.55,2026-09-01T01:00:00+00:00,2467.1437250000004,stop,-0.07368314999999256,0.07412483647500001,-0.14780798647499258,0.14780798647499258,-1.0
2026-09-02T00:15:00+00:00,2026-09-02T05:45:00+05:30,00-06,0.0032123156474952756,medium_high,buy,2422.57015,2416.85,2425.59,2026-09-02T00:30:00+00:00,2413.224725,stop,-0.09345424999999978,0.072536923125,-0.16599117312499978,0.16599117312499978,-1.0
2026-09-03T00:15:00+00:00,2026-09-03T05:45:00+05:30,00-06,0.002484354995034273,medium_low,sell,2385.4122,2395.5,2384.35,2026-09-03T00:30:00+00:00,2387.926525,target,-0.025143249999996443,0.071600080875,-0.09674333087499644,0.20857808175000142,-0.4638230923561353
2026-09-04T00:00:00+00:00,2026-09-04T05:30:00+05:30,00-06,0.0034117510996965242,medium_high,sell,2505.0024900000003,2509.25,2497.88,2026-09-04T00:15:00+00:00,2513.013875,stop,-0.08011384999999792,0.075270245475,-0.15538409547499793,0.15538409547499793,-1.0
2026-09-05T01:00:00+00:00,2026-09-05T06:30:00+05:30,06-12,0.0012604151009788663,low,buy,2454.5921399999997,2451.6,2455.86,2026-09-05T01:15:00+00:00,2447.9226,stop,-0.0666953999999987,0.07353772110000001,-0.1402331210999987,0.1402331210999987,-1.0
2026-09-06T00:15:00+00:00,2026-09-06T05:45:00+05:30,00-06,0.001988364555761145,low,buy,2484.0615799999996,2479.2000000000003,2483.4,2026-09-06T00:30:00+00:00,2479.6749000000004,target,-0.0438667999999916,0.0744560472,-0.1183228471999916,0.16019694169998966,-0.7386086522274679
2026-09-07T00:00:00+00:00,2026-09-07T05:30:00+05:30,00-06,0.0034295645336496474,medium_high,sell,2511.96552,2526.25,2512.27,2026-09-07T00:15:00+00:00,2516.0384050000002,target,-0.04072885000000042,0.075420058875,-0.11614890887500043,0.25636862342500094,-0.45305430642521305
2026-09-08T00:00:00+00:00,2026-09-08T05:30:00+05:30,00-06,0.0023145385953398045,medium_low,sell,2487.66984,2494.0,2483.38,2026-09-08T00:45:00+00:00,2497.741,stop,-0.10071159999999964,0.0747811626,-0.17549276259999963,0.17549276259999963,-1.0
2026-09-09T00:45:00+00:00,2026-09-09T06:15:00+05:30,06-12,0.001991360743120513,medium_low,buy,2495.76327,2487.8500000000004,2494.67,2026-09-09T01:00:00+00:00,2490.927995,target,-0.048352749999999105,0.074800368975,-0.12315311897499912,0.191148672424993,-0.6442792273293164
2026-09-10T00:15:00+00:00,2026-09-10T05:45:00+05:30,00-06,0.0032934079738796613,medium_high,sell,2465.2322999999997,2471.05,2465.4,2026-09-10T00:30:00+00:00,2474.7565750000003,stop,-0.0952427500000067,0.074099833125,-0.16934258312500672,0.16934258312500672,-1.0
2026-09-11T00:45:00+00:00,2026-09-11T06:15:00+05:30,06-12,0.002953152370653841,medium_high,buy,2453.10065,2445.5,2454.05,2026-09-11T01:00:00+00:00,2450.368925,target,-0.02731724999999642,0.07355204362500001,-0.10086929362499643,0.1861129859999958,-0.541978804343071
2026-09-12T01:30:00+00:00,2026-09-12T07:00:00+05:30,06-12,0.002551913338364001,medium_low,sell,2511.56592,2517.15,2509.4,2026-09-12T05:45:00+00:00,2513.1641000000004,target,-0.015981800000004116,0.07537095030000002,-0.09135275030000413,0.16908542467500057,-0.5402757243895707
2026-09-13T01:45:00+00:00,2026-09-13T07:15:00+05:30,06-12,0.0009679611095741973,low,buy,2527.71519,2522.4,2527.56,2026-09-13T02:30:00+00:00,2518.6164000000003,stop,-0.09098789999999554,0.07569497385000001,-0.16668287384999556,0.16668287384999558,-0.9999999999999999
2026-09-14T00:00:00+00:00,2026-09-14T05:30:00+05:30,00-06,0.0029712163416898783,medium_high,buy,2479.5770999999995,2473.9500000000003,2481.8,2026-09-14T00:15:00+00:00,2478.0773000000004,target,-0.014997999999991407,0.074364816,-0.08936281599999141,0.16762749262499108,-0.5331035774657205
2026-09-15T00:00:00+00:00,2026-09-15T05:30:00+05:30,00-06,0.005200096534688607,high,buy,2518.2657499999996,2513.3500000000004,2525.3,2026-09-15T00:15:00+00:00,2509.5799750000006,stop,-0.08685774999999012,0.075417685875,-0.1622754358749901,0.1622754358749901,-1.0
2026-09-16T00:30:00+00:00,2026-09-16T06:00:00+05:30,06-12,0.0036506735226816077,high,sell,2402.43516,2405.8,2397.44,2026-09-16T00:45:00+00:00,2409.4087000000004,stop,-0.06973540000000412,0.0721776579,-0.14191305790000414,0.14191305790000414,-1.0
2026-09-17T00:15:00+00:00,2026-09-17T05:45:00+05:30,00-06,0.003597177472159938,high,sell,2419.3182599999996,2424.65,2415.41,2026-09-17T00:30:00+00:00,2428.2869750000004,stop,-0.08968715000000885,0.072714078525,-0.16240122852500885,0.16240122852500882,-1.0000000000000002
2026-09-18T00:00:00+00:00,2026-09-18T05:30:00+05:30,00-06,0.002192813479221236,medium_low,sell,2444.8327200000003,2451.0,2446.08,2026-09-18T00:15:00+00:00,2449.74912,target,-0.04916399999999612,0.07341872760000001,-0.12258272759999614,0.171930438299997,-0.7129786256119739
2026-09-19T00:15:00+00:00,2026-09-19T05:45:00+05:30,00-06,0.0029013243512210156,medium_high,buy,2615.2126,2606.8,2614.83,2026-09-19T00:30:00+00:00,2610.907755,target,-0.043048449999996595,0.07839180532500001,-0.12144025532499661,0.2014995359999946,-0.6026825556809217
2026-09-20T01:00:00+00:00,2026-09-20T06:30:00+05:30,06-12,0.0021591390412683087,medium_low,buy,2629.9973699999996,2625.9,2631.5,2026-09-20T01:15:00+00:00,2621.96115,stop,-0.08036219999999503,0.0787793778,-0.15914157779999502,0.15914157779999502,-1.0
2026-09-21T00:30:00+00:00,2026-09-21T06:00:00+05:30,06-12,0.005622609154465099,high,sell,2683.15416,2697.05,2643.99,2026-09-21T01:00:00+00:00,2701.0955750000003,stop,-0.17941415000000235,0.08076374602500001,-0.26017789602500235,0.26017789602500235,-1.0
2026-09-22T00:15:00+00:00,2026-09-22T05:45:00+05:30,00-06,0.0037621086758160126,high,buy,2777.05428,2767.8,2777.89,2026-09-22T00:30:00+00:00,2763.6483000000003,stop,-0.13405979999999545,0.0831105387,-0.21717033869999547,0.21717033869999547,-1.0
2026-09-23T00:30:00+00:00,2026-09-23T06:00:00+05:30,06-12,0.003288897775079673,medium_high,sell,2755.22202,2761.2000000000003,2749.0,2026-09-23T00:45:00+00:00,2765.3418000000006,stop,-0.10119780000000446,0.08280845730000001,-0.18400625730000447,0.18400625730000447,-1.0
2026-09-24T00:00:00+00:00,2026-09-24T05:30:00+05:30,00-06,0.0023027227734626348,medium_low,buy,2687.3947099999996,2681.15,2686.09,2026-09-24T00:15:00+00:00,2682.0608650000004,target,-0.05333844999999201,0.080541833625,-0.13388028362499202,0.18313219477499545,-0.7310581505861568
2026-09-25T03:15:00+00:00,2026-09-25T08:45:00+05:30,06-12,0.0027723083016062233,medium_high,buy,2679.1464699999997,2673.55,2684.01,2026-09-25T03:45:00+00:00,2669.5396750000004,stop,-0.09606794999999238,0.08023029217500001,-0.1762982421749924,0.1762982421749924,-1.0
2026-09-26T02:30:00+00:00,2026-09-26T08:00:00+05:30,06-12,0.0015389504050553537,low,sell,2690.2370699999997,2695.9,2689.0,2026-09-26T03:15:00+00:00,2693.0335,target,-0.027964300000003276,0.08074905855,-0.10871335855000328,0.17792051380000437,-0.6110220582670136
2026-09-27T00:30:00+00:00,2026-09-27T06:00:00+05:30,06-12,0.001618016517086168,low,buy,2695.1424499999994,2690.05,2696.46,2026-09-27T01:45:00+00:00,2686.0149250000004,stop,-0.09127524999998969,0.08071736062500001,-0.17199261062498972,0.1719926106249897,-1.0000000000000002
